{
	"heatmap_width": 100,
	"heatmap_height": 100,
	"lonlat_coords": [
		[53.345506, -6.264317],
		[53.345470, -6.264329],
		[53.345514, -6.264224],
		[53.345556, -6.263756]
	],
	"pixel_coords": [
		[952, 598],
		[606, 628],
		[465, 489],
		[298, 336]
	],
	"lonlat_target_coords": [
		[53.34560, -6.2643],
		[53.34560, -6.2635],
		[53.34542, -6.2643],
		[53.34542, -6.2635]
	],
	"lonlat_center": [53.345506, -6.264317]
}
