{
	"heatmap_width": 100,
	"heatmap_height": 100,
	"lonlat_coords": [
		[53.345464, -6.264227],
		[53.345470, -6.264329],
		[53.345507, -6.264327],
		[53.345556, -6.263756]
	],
	"pixel_coords": [
		[781, 477],
		[954, 594],
		[600, 625],
		[298, 336]
	]
}
