{
	"heatmap_width": 100,
	"heatmap_height": 100,
	"lonlat_coords": [
		[37.312984, -121.777562],
		[37.312795, -121.777659],
		[37.312730, -121.777619],
		[37.312750, -121.777505]
	],
	"pixel_coords": [
		[13, 164],
		[18, 923],
		[1913, 1009],
		[1912, 320]
	]
}
